Car Make,Car Model,Year,Engine Size (L),Horsepower,Torque (lb-ft),0-60 MPH Time (seconds),Price (in USD),Powertrain Type
Porsche,911,2022,3.0,379.0,331.0,4.0,101200.0,ICE
Lamborghini,Huracan,2021,5.2,630.0,443.0,2.8,274390.0,ICE
Ferrari,488 GTB,2022,3.9,661.0,561.0,3.0,333750.0,ICE
Audi,R8,2022,5.2,562.0,406.0,3.2,142700.0,ICE
McLaren,720S,2021,4.0,710.0,568.0,2.7,298000.0,ICE
BMW,M8,2022,4.4,617.0,553.0,3.1,130000.0,ICE
Mercedes-Benz,AMG GT,2021,4.0,523.0,494.0,3.8,118500.0,ICE
Chevrolet,Corvette,2021,6.2,490.0,465.0,2.8,59900.0,ICE
Ford,Mustang Shelby GT500,2022,5.2,760.0,625.0,3.5,81000.0,ICE
Nissan,GT-R Nismo,2021,3.8,600.0,481.0,2.5,212000.0,ICE
Aston Martin,DB11,2021,5.2,630.0,516.0,3.5,201495.0,ICE
Bugatti,Chiron,2021,8.0,1500.0,1180.0,2.4,3000000.0,ICE
Dodge,Challenger SRT Hellcat,2022,6.2,717.0,656.0,3.5,61000.0,ICE
Jaguar,F-Type,2022,3.0,296.0,295.0,5.4,70100.0,ICE
Koenigsegg,Jesko,2021,5.0,1280.0,1015.0,2.5,2800000.0,ICE
Lexus,LC 500,2021,5.0,471.0,398.0,4.4,92950.0,ICE
Lotus,Evora GT,2021,3.5,416.0,317.0,3.8,104450.0,ICE
Maserati,GranTurismo,2021,4.7,454.0,384.0,4.8,150000.0,ICE
Porsche,Boxster,2021,2.0,300.0,280.0,4.7,62000.0,ICE
Alfa Romeo,Giulia Quadrifoglio,2022,2.9,505.0,443.0,3.8,78000.0,ICE
Ariel,Atom,2021,2.0,320.0,243.0,2.8,75000.0,ICE
Bentley,Continental GT,2021,6.0,626.0,664.0,3.6,225000.0,ICE
McLaren,Artura,2022,3.0,671.0,531.0,3.0,225000.0,ICE
Mercedes-AMG,SLS AMG,2021,6.2,622.0,468.0,3.5,248000.0,ICE
Pagani,Huayra,2021,6.0,720.0,737.0,2.8,2800000.0,ICE
Polestar,1,2021,2.0,600.0,738.0,4.1,155000.0,ICE
Rimac,Nevera,2022,0.0,1914.0,1696.0,1.85,2400000.0,Electric
Porsche,Cayman GT4,2022,4.0,414.0,309.0,3.8,100200.0,ICE
Lamborghini,Aventador SVJ,2021,6.5,759.0,531.0,2.8,517770.0,ICE
Ferrari,SF90 Stradale,2021,4.0,986.0,590.0,2.5,625000.0,ICE
Audi,RS7,2022,4.0,591.0,590.0,3.5,117000.0,ICE
McLaren,Artura,2021,3.0,671.0,531.0,3.0,225000.0,ICE
BMW,M4,2022,3.0,503.0,479.0,3.8,72800.0,ICE
Mercedes-Benz,SLS AMG,2015,6.2,622.0,468.0,3.2,222000.0,ICE
Chevrolet,Camaro ZL1,2021,6.2,650.0,650.0,3.5,64695.0,ICE
Ford,GT,2022,3.5,660.0,550.0,3.0,500000.0,ICE
Nissan,370Z Nismo,2021,3.7,350.0,276.0,4.5,45690.0,ICE
Porsche,Taycan 4S,2022,0.0,562.0,479.0,3.8,104000.0,Electric
Lamborghini,Urus,2021,4.0,641.0,626.0,3.5,218000.0,ICE
Ferrari,Roma,2021,3.9,611.0,561.0,3.3,222000.0,ICE
Audi,RS3,2022,2.5,394.0,369.0,3.9,57000.0,ICE
McLaren,GT,2021,4.0,612.0,465.0,3.1,210000.0,ICE
BMW,i8,2020,0.0,369.0,420.0,4.2,148500.0,Electric
Mercedes-Benz,CLS63 AMG,2019,4.0,603.0,627.0,3.4,132000.0,ICE
Porsche,Cayman,2021,2.0,300.0,280.0,5.1,58900.0,ICE
Lamborghini,Aventador SVJ,2021,6.5,759.0,531.0,2.8,518000.0,ICE
Ferrari,SF90 Stradale,2021,4.0,986.0,590.0,2.5,625000.0,ICE
Audi,RS3,2022,2.5,394.0,369.0,3.9,56200.0,ICE
McLaren,570S,2021,3.8,562.0,443.0,2.8,192500.0,ICE
BMW,M4,2022,3.0,503.0,479.0,3.8,71800.0,ICE
Mercedes-Benz,AMG C63,2021,4.0,503.0,516.0,3.8,68000.0,ICE
Chevrolet,Camaro SS,2021,6.2,455.0,455.0,4.1,42500.0,ICE
Ford,Mustang GT,2022,5.0,460.0,420.0,4.3,39000.0,ICE
Nissan,370Z Nismo,2021,3.7,350.0,276.0,4.8,46100.0,ICE
Aston Martin,Vantage,2021,4.0,503.0,505.0,3.5,142100.0,ICE
Lotus,Evora GT,2021,3.5,416.0,317.0,3.8,105000.0,ICE
Porsche,Panamera,2021,2.9,325.0,331.0,5.1,87200.0,ICE
Lamborghini,Urus,2021,4.0,641.0,627.0,3.2,218000.0,ICE
Ferrari,Roma,2021,3.9,612.0,560.0,3.4,222000.0,ICE
Audi,S5,2022,3.0,349.0,369.0,4.4,52500.0,ICE
McLaren,600LT,2021,3.8,592.0,457.0,2.8,241000.0,ICE
BMW,M5,2022,4.4,600.0,553.0,3.2,103500.0,ICE
Aston Martin,Vantage,2022,4.0,503.0,505.0,3.5,146000.0,ICE
Audi,RS5,2021,2.9,444.0,443.0,3.6,75400.0,ICE
BMW,M2,2022,3.0,405.0,406.0,4.0,58900.0,ICE
Chevrolet,Camaro SS,2021,6.2,455.0,455.0,4.0,42900.0,ICE
Dodge,Challenger SRT Hellcat Redeye,2022,6.2,797.0,707.0,3.4,78595.0,ICE
Ford,GT,2021,3.5,660.0,550.0,3.0,500000.0,ICE
Jaguar,F-Type,2022,2.0,296.0,295.0,5.4,62750.0,ICE
Lamborghini,Aventador,2021,6.5,770.0,531.0,2.9,417826.0,ICE
Maserati,GranTurismo,2021,4.7,454.0,384.0,4.7,150980.0,ICE
McLaren,Artura,2022,3.0,671.0,531.0,3.0,225000.0,ICE
Mercedes-Benz,C63 AMG,2021,4.0,503.0,516.0,3.8,70100.0,ICE
Nissan,370Z,2021,3.7,332.0,270.0,5.0,30090.0,ICE
Porsche,Panamera,2022,2.9,325.0,331.0,5.3,88700.0,ICE
Audi,TT RS,2021,2.5,394.0,354.0,3.6,67600.0,ICE
BMW,M4,2022,3.0,473.0,406.0,4.1,72800.0,ICE
Chevrolet,Corvette Stingray,2021,6.2,490.0,465.0,2.8,59900.0,ICE
Ferrari,F8 Tributo,2021,3.9,710.0,568.0,2.8,274280.0,ICE
Ford,Mustang Mach 1,2021,5.0,480.0,420.0,4.3,52915.0,ICE
Lamborghini,Urus,2021,4.0,641.0,627.0,3.6,218009.0,ICE
Porsche,718 Cayman,2022,2.0,300.0,280.0,4.5,61000.0,ICE
Acura,NSX,2022,3.5,573.0,476.0,2.9,159495.0,ICE
Aston Martin,Vantage,2022,4.0,503.0,505.0,3.5,142086.0,ICE
Bentley,Continental GT,2021,6.0,626.0,664.0,3.3,219800.0,ICE
Bugatti,Chiron,2022,8.0,1500.0,1180.0,2.4,3000000.0,ICE
Dodge,Challenger SRT Hellcat Redeye,2022,6.2,797.0,707.0,3.4,74290.0,ICE
Jaguar,F-Type,2022,3.0,380.0,339.0,4.9,71900.0,ICE
Koenigsegg,Jesko,2022,5.0,1600.0,1106.0,2.5,3000000.0,ICE
Lexus,LC 500,2022,5.0,471.0,398.0,4.4,92950.0,ICE
Lotus,Evora GT,2021,3.5,416.0,317.0,3.8,105000.0,ICE
Maserati,GranTurismo,2022,4.7,454.0,384.0,4.7,134300.0,ICE
Mazda,MX-5 Miata,2021,2.0,181.0,151.0,6.5,26830.0,ICE
McLaren,GT,2022,4.0,620.0,465.0,3.1,213195.0,ICE
Mercedes-Benz,SLS AMG,2015,6.2,622.0,468.0,3.7,221580.0,ICE
Pagani,Huayra,2022,6.0,764.0,738.0,2.8,2800000.0,ICE
Porsche,718 Cayman GT4,2022,4.0,414.0,309.0,4.2,100550.0,ICE
Rimac,Nevera,2022,0.0,1914.0,1696.0,1.95,2400000.0,Electric
Rolls-Royce,Wraith,2021,6.8,624.0,605.0,4.4,330000.0,ICE
Tesla,Roadster,2022,0.0,1000.0,7376.0,1.9,200000.0,Electric
Toyota,Supra,2022,3.0,382.0,368.0,3.9,43090.0,ICE
W Motors,Fenyr Supersport,2022,3.8,800.0,723.0,2.7,1700000.0,ICE
Porsche,718 Cayman,2022,2.0,300.0,280.0,4.7,60500.0,ICE
Lamborghini,Aventador,2021,6.5,770.0,531.0,2.9,522000.0,ICE
Ferrari,SF90 Stradale,2021,4.0,986.0,590.0,2.5,625000.0,ICE
Audi,TT RS,2022,2.5,394.0,354.0,3.4,67000.0,ICE
McLaren,GT,2021,4.0,612.0,465.0,3.1,212500.0,ICE
BMW,M4,2022,3.0,503.0,479.0,3.8,75000.0,ICE
Mercedes-Benz,SL 63 AMG,2021,4.0,603.0,664.0,3.5,155000.0,ICE
Chevrolet,Camaro ZL1,2021,6.2,650.0,650.0,3.5,64000.0,ICE
Ford,GT,2022,3.5,660.0,550.0,2.8,500000.0,ICE
Nissan,370Z,2021,3.7,332.0,270.0,4.7,31015.0,ICE
Aston Martin,DBS Superleggera,2021,5.2,715.0,664.0,3.4,304995.0,ICE
Bugatti,Chiron,2021,8.0,1500.0,1180.0,2.4,3000000.0,ICE
Lotus,Evora GT,2021,3.5,416.0,317.0,3.8,105000.0,ICE
McLaren,570S,2021,3.8,562.0,443.0,3.2,192500.0,ICE
Porsche,Panamera Turbo S E-Hybrid,2021,4.0,690.0,642.0,3.2,190000.0,ICE
Lamborghini,Urus,2021,4.0,641.0,627.0,3.6,222000.0,ICE
Ferrari,Roma,2021,3.9,611.0,561.0,3.3,222000.0,ICE
Audi,RS7,2021,4.0,591.0,590.0,3.5,115000.0,ICE
BMW,M2,2022,3.0,405.0,406.0,4.2,59000.0,ICE
Porsche,Cayman GT4,2022,4.0,414.0,309.0,4.2,102100.0,ICE
Lamborghini,Aventador,2021,6.5,730.0,509.0,2.9,417826.0,ICE
Aston Martin,DBS Superleggera,2021,5.2,715.0,664.0,3.2,304995.0,ICE
Bentley,Continental GT,2021,6.0,626.0,664.0,3.6,220300.0,ICE
Audi,RS7,2022,4.0,591.0,590.0,3.5,114000.0,ICE
Mercedes-Benz,SLS AMG,2021,6.2,622.0,468.0,3.7,239100.0,ICE
McLaren,570S,2021,3.8,562.0,443.0,3.1,192500.0,ICE
BMW,M2,2022,3.0,405.0,406.0,4.0,58900.0,ICE
Chevrolet,Camaro ZL1,2021,6.2,650.0,650.0,3.5,62500.0,ICE
Dodge,Challenger SRT Hellcat,2021,6.2,717.0,656.0,3.5,65290.0,ICE
Ferrari,Portofino,2021,3.9,592.0,560.0,3.5,219750.0,ICE
Porsche,Panamera Turbo S,2022,4.0,620.0,604.0,2.9,187700.0,ICE
Lamborghini,Urus,2021,4.0,641.0,627.0,3.6,222004.0,ICE
Mercedes-Benz,AMG C63,2021,4.0,469.0,479.0,3.8,71350.0,ICE
Aston Martin,Vantage,2021,4.0,503.0,505.0,3.6,146000.0,ICE
Audi,S5,2022,3.0,349.0,369.0,4.4,52500.0,ICE
Porsche,Cayman,2022,2.5,365.0,309.0,4.5,68900.0,ICE
Lamborghini,Aventador,2021,6.5,730.0,507.0,2.8,517770.0,ICE
Ferrari,F8 Tributo,2022,3.9,710.0,568.0,2.9,276550.0,ICE
Audi,TT RS,2021,2.5,394.0,354.0,3.6,67600.0,ICE
McLaren,570S,2021,3.8,562.0,443.0,3.1,192500.0,ICE
BMW,Z4 M40i,2022,3.0,382.0,369.0,3.9,63700.0,ICE
Mercedes-Benz,SLS AMG,2015,6.2,622.0,468.0,3.7,221580.0,ICE
Chevrolet,Camaro SS,2022,6.2,455.0,455.0,4.1,44000.0,ICE
Ford,Mustang Mach 1,2021,5.0,480.0,420.0,4.0,51720.0,ICE
Nissan,370Z Nismo,2021,3.7,350.0,276.0,4.9,45790.0,ICE
Porsche,Panamera,2022,2.9,325.0,331.0,5.4,88550.0,ICE
Lamborghini,Urus,2021,4.0,641.0,627.0,3.5,218009.0,ICE
Ferrari,Roma,2021,3.9,612.0,561.0,3.3,222620.0,ICE
Audi,RS 3,2022,2.5,401.0,369.0,3.6,56200.0,ICE
McLaren,GT,2021,4.0,612.0,465.0,3.2,200000.0,ICE
BMW,M2 CS,2022,3.0,444.0,406.0,3.8,84595.0,ICE
Mercedes-Benz,AMG C63,2021,4.0,503.0,516.0,3.8,77500.0,ICE
Chevrolet,Camaro ZL1,2021,6.2,650.0,650.0,3.5,62500.0,ICE
Acura,NSX,2021,3.5,573.0,476.0,2.7,157500.0,ICE
Aston Martin,DB11,2022,4.0,503.0,513.0,3.7,204100.0,ICE
Bentley,Continental GT,2021,6.0,626.0,664.0,3.4,220300.0,ICE
Bugatti,Chiron,2021,8.0,1500.0,1180.0,2.4,3000000.0,ICE
Dodge,Viper,2017,8.4,645.0,600.0,3.3,120000.0,ICE
Jaguar,F-Type,2022,3.0,380.0,339.0,4.9,69900.0,ICE
Koenigsegg,Jesko,2022,5.0,1600.0,1106.0,2.5,3000000.0,ICE
Lexus,LC 500,2022,5.0,471.0,398.0,4.4,92950.0,ICE
Lotus,Evora GT,2021,3.5,416.0,317.0,3.8,105950.0,ICE
Maserati,GranTurismo,2020,4.7,454.0,384.0,4.8,150000.0,ICE
McLaren,570S,2020,3.8,562.0,443.0,3.1,204550.0,ICE
Pagani,Huayra,2020,6.0,720.0,738.0,3.0,2700000.0,ICE
Porsche,Cayman GT4,2022,4.0,414.0,309.0,4.2,102900.0,ICE
Rimac,C_Two,2022,0.0,1914.0,1696.0,1.9,2400000.0,Electric
Rolls-Royce,Wraith,2021,6.6,624.0,605.0,4.3,330000.0,ICE
Shelby,Cobra,1965,7.0,435.0,440.0,4.2,1000000.0,ICE
Tesla,Model S Plaid,2021,0.0,1020.0,1050.0,1.98,131190.0,Electric
Toyota,GR Supra,2022,3.0,382.0,368.0,3.9,43090.0,ICE
TVR,Griffith,2022,5.0,500.0,479.0,3.8,123500.0,ICE
W Motors,Lykan Hypersport,2015,3.7,780.0,708.0,2.8,3400000.0,ICE
Porsche,718 Cayman,2021,2.0,300.0,280.0,4.5,61500.0,ICE
Lamborghini,Aventador SVJ,2021,6.5,770.0,531.0,2.8,518000.0,ICE
Ferrari,SF90 Stradale,2022,4.0,986.0,590.0,2.5,507000.0,ICE
Audi,RS 6,2021,4.0,591.0,590.0,3.5,109000.0,ICE
McLaren,GT,2021,4.0,612.0,465.0,3.1,210000.0,ICE
BMW,M2 CS,2022,3.0,444.0,406.0,3.8,84595.0,ICE
Mercedes-Benz,SLS AMG,2015,6.2,622.0,468.0,3.6,228000.0,ICE
Chevrolet,Camaro SS,2021,6.2,455.0,455.0,4.0,42000.0,ICE
Ford,GT,2022,3.5,660.0,550.0,2.8,500000.0,ICE
Nissan,370Z Nismo,2021,3.7,350.0,276.0,5.0,45000.0,ICE
Porsche,Taycan,2021,0.0,750.0,774.0,2.6,185000.0,Electric
Lamborghini,Urus,2021,4.0,641.0,627.0,3.6,222004.0,ICE
Ferrari,F8 Tributo,2021,3.9,710.0,568.0,2.9,276550.0,ICE
Audi,RS 3,2022,2.5,401.0,354.0,3.5,56000.0,ICE
McLaren,570S,2021,3.8,562.0,443.0,3.1,191000.0,ICE
BMW,M5,2022,4.4,600.0,553.0,3.2,104000.0,ICE
Mercedes-Benz,AMG C 63,2021,4.0,469.0,479.0,3.9,69900.0,ICE
Chevrolet,Camaro ZL1,2021,6.2,650.0,650.0,3.5,64000.0,ICE
Porsche,Taycan,2022,2.0,402.0,254.0,5.1,81250.0,ICE
Lamborghini,Aventador,2021,6.5,730.0,509.0,2.9,517700.0,ICE
Aston Martin,DBS Superleggera,2022,5.2,715.0,663.0,3.4,330000.0,ICE
Audi,RS 6 Avant,2021,4.0,591.0,590.0,3.5,109000.0,ICE
McLaren,600LT,2021,3.8,592.0,457.0,2.8,242500.0,ICE
Mercedes-AMG,C 63 S Coupe,2022,4.0,503.0,516.0,3.7,77000.0,ICE
BMW,M4,2022,3.0,473.0,406.0,4.1,72800.0,ICE
Chevrolet,Camaro ZL1,2021,6.2,650.0,650.0,3.5,62000.0,ICE
Dodge,Challenger SRT Hellcat Redeye,2022,6.2,797.0,707.0,3.5,76000.0,ICE
Ford,GT,2022,3.5,660.0,550.0,2.9,500000.0,ICE
Nissan,370Z,2021,3.7,332.0,270.0,4.9,30090.0,ICE
Porsche,Panamera,2022,2.9,325.0,332.0,5.3,87200.0,ICE
Lamborghini,Urus,2021,4.0,641.0,626.0,3.5,218000.0,ICE
Bugatti,Chiron,2021,8.0,1500.0,1180.0,2.3,3000000.0,ICE
Ferrari,F8 Tributo,2021,3.9,710.0,568.0,2.9,274280.0,ICE
Audi,RS 7,2021,4.0,591.0,590.0,3.5,114000.0,ICE
McLaren,570S,2021,3.8,562.0,443.0,3.1,191000.0,ICE
Aston Martin,Vantage,2022,4.0,503.0,505.0,3.5,142086.0,ICE
Jaguar,F-Type,2022,5.0,575.0,516.0,3.5,103200.0,ICE
Porsche,Panamera Turbo S,2021,4.0,620.0,604.0,2.9,177700.0,ICE
Lamborghini,Aventador S,2021,6.5,729.0,509.0,2.9,417650.0,ICE
Ferrari,SF90 Stradale,2021,4.0,986.0,590.0,2.5,625000.0,ICE
Audi,RS7,2022,4.0,591.0,590.0,3.5,115045.0,ICE
McLaren,600LT,2021,3.8,592.0,457.0,2.9,256500.0,ICE
BMW,M2 Competition,2022,3.0,405.0,406.0,4.0,59895.0,ICE
Mercedes-Benz,S63 AMG,2021,4.0,603.0,664.0,3.4,152500.0,ICE
Chevrolet,Camaro ZL1,2021,6.2,650.0,650.0,3.5,64695.0,ICE
Dodge,Challenger SRT Hellcat,2022,6.2,717.0,656.0,3.5,69995.0,ICE
Ford,GT,2022,3.5,660.0,550.0,2.9,500000.0,ICE
Porsche,Taycan Turbo S,2021,0.0,750.0,774.0,2.6,185000.0,Electric
Lamborghini,Urus,2021,4.0,641.0,627.0,3.2,218009.0,ICE
Ferrari,812 Superfast,2021,6.5,789.0,530.0,2.9,363730.0,ICE
Audi,R8 Spyder,2022,5.2,562.0,406.0,3.5,183300.0,ICE
McLaren,GT,2021,4.0,612.0,465.0,3.1,210000.0,ICE
BMW,M4,2022,3.0,473.0,406.0,4.1,73795.0,ICE
Mercedes-Benz,AMG GT R,2021,4.0,577.0,516.0,3.5,183000.0,ICE
Chevrolet,Corvette Stingray,2021,6.2,495.0,470.0,2.9,60995.0,ICE
Aston Martin,DB11,2022,5.2,630.0,516.0,3.5,207000.0,ICE
Bentley,Continental GT,2022,6.0,626.0,664.0,3.5,203825.0,ICE
Jaguar,F-Type R,2021,5.0,575.0,516.0,3.5,103200.0,ICE
Acura,NSX,2022,3.5,573.0,476.0,2.7,157500.0,ICE
Lotus,Evora GT,2021,3.5,416.0,317.0,3.7,99800.0,ICE
Porsche,Cayman GT4,2021,4.0,414.0,309.0,4.2,100200.0,ICE
Alfa Romeo,4C,2020,1.7,237.0,258.0,4.1,67150.0,ICE
Audi,RS5,2022,2.9,444.0,443.0,3.7,77250.0,ICE
BMW,M2 Competition,2021,3.0,405.0,406.0,4.0,58900.0,ICE
Chevrolet,Camaro ZL1,2021,6.2,650.0,650.0,3.5,64695.0,ICE
Dodge,Charger SRT Hellcat,2022,6.2,717.0,650.0,3.6,71490.0,ICE
Ford,GT,2022,3.5,660.0,550.0,2.8,500000.0,ICE
Lexus,LC 500,2022,5.0,471.0,398.0,4.4,92950.0,ICE
Maserati,GranTurismo,2020,4.7,454.0,384.0,4.8,150400.0,ICE
Nissan,370Z Nismo,2021,3.7,350.0,276.0,4.6,47820.0,ICE
Rolls-Royce,Wraith,2022,6.8,624.0,605.0,4.4,330000.0,ICE
Subaru,WRX STI,2021,2.5,310.0,290.0,4.6,38170.0,ICE
Tesla,Model S Plaid,2022,0.0,1020.0,1050.0,1.9,131190.0,Electric
Porsche,Cayman GT4,2021,4.0,414.0,309.0,4.2,102000.0,ICE
Lamborghini,Aventador,2021,6.5,729.0,507.0,2.9,393695.0,ICE
Ferrari,Portofino,2022,3.9,591.0,413.0,3.3,218750.0,ICE
Audi,RS7,2021,4.0,591.0,590.0,3.5,114000.0,ICE
McLaren,600LT,2021,3.8,592.0,457.0,2.8,256500.0,ICE
BMW,M2,2022,3.0,405.0,406.0,4.0,58900.0,ICE
Mercedes-Benz,AMG GT,2021,4.0,523.0,494.0,3.8,118500.0,ICE
Chevrolet,Camaro SS,2021,6.2,455.0,455.0,4.1,40590.0,ICE
Ford,Mustang Mach 1,2021,5.0,480.0,420.0,4.0,52720.0,ICE
Nissan,370Z Nismo,2021,3.7,350.0,276.0,4.6,45000.0,ICE
Porsche,Panamera Turbo,2022,4.0,620.0,604.0,3.1,174300.0,ICE
Lamborghini,Urus,2021,4.0,641.0,627.0,3.2,222004.0,ICE
Ferrari,SF90 Stradale,2022,4.0,986.0,590.0,2.5,625000.0,ICE
Audi,TT RS,2022,2.5,394.0,354.0,3.4,67895.0,ICE
McLaren,GT,2021,4.0,612.0,465.0,3.1,210000.0,ICE
Dodge,Challenger SRT Hellcat,2021,6.2,717.0,656.0,3.5,62290.0,ICE
Aston Martin,DBS Superleggera,2021,5.2,715.0,663.0,3.2,304995.0,ICE
Jaguar,F-Type R,2021,5.0,575.0,516.0,3.5,103200.0,ICE
Lexus,LC 500,2022,5.0,471.0,398.0,4.4,93050.0,ICE
Porsche,Cayman GT4,2022,4.0,414.0,309.0,4.2,101200.0,ICE
BMW,M2 Competition,2022,3.0,405.0,406.0,4.0,59895.0,ICE
Audi,RS 5 Coupe,2021,2.9,444.0,443.0,3.7,75100.0,ICE
Chevrolet,Camaro ZL1,2021,6.2,650.0,650.0,3.5,64195.0,ICE
Lotus,Evora GT,2022,3.5,416.0,317.0,3.8,105000.0,ICE
McLaren,GT,2021,4.0,612.0,465.0,3.1,211000.0,ICE
Mercedes-Benz,SLS AMG Black Series,2014,6.2,622.0,468.0,3.5,275000.0,ICE
Bugatti,Chiron,2021,8.0,1500.0,1180.0,2.4,2998000.0,ICE
Koenigsegg,Jesko,2021,5.0,1280.0,1015.0,2.5,3000000.0,ICE
Ferrari,SF90 Stradale,2021,4.0,986.0,590.0,2.5,625000.0,ICE
Lamborghini,Aventador SVJ,2020,6.5,770.0,531.0,2.8,573966.0,ICE
Rimac,C_Two,2022,0.0,1914.0,1732.0,1.85,2400000.0,Electric
Pagani,Huayra Roadster BC,2021,6.0,791.0,774.0,2.5,3500000.0,ICE
Pininfarina,Battista,2022,0.0,1874.0,1696.0,1.9,2500000.0,Electric
Acura,NSX,2022,3.5,573.0,476.0,2.9,157500.0,ICE
Aston Martin,Vantage,2021,4.0,503.0,505.0,3.5,146000.0,ICE
Bentley,Continental GT,2022,4.0,542.0,568.0,3.9,219800.0,ICE
Dodge,Challenger SRT Hellcat,2022,6.2,717.0,656.0,3.5,70000.0,ICE
Jaguar,F-Type,2022,2.0,296.0,295.0,5.4,61600.0,ICE
Kia,Stinger,2022,3.3,368.0,376.0,4.7,52200.0,ICE
Lotus,Evora GT,2021,3.5,416.0,317.0,3.8,100450.0,ICE
Maserati,GranTurismo,2021,4.7,454.0,384.0,4.8,134300.0,ICE
Porsche,718 Cayman GT4,2022,4.0,414.0,309.0,4.2,102550.0,ICE
Alfa Romeo,Giulia Quadrifoglio,2021,2.9,505.0,443.0,3.8,76400.0,ICE
Audi,RS7,2021,4.0,591.0,590.0,3.5,114000.0,ICE
BMW,M5,2022,4.4,600.0,553.0,3.2,103500.0,ICE
Chevrolet,Camaro ZL1,2022,6.2,650.0,650.0,3.5,69000.0,ICE
Ford,GT,2022,3.5,660.0,550.0,3.0,500000.0,ICE
Lamborghini,Aventador,2021,6.5,770.0,531.0,2.8,417826.0,ICE
McLaren,Artura,2021,3.0,671.0,531.0,3.0,225000.0,ICE
Mercedes-Benz,SLS AMG,2021,4.0,577.0,516.0,3.6,247500.0,ICE
Nissan,370Z Nismo,2021,3.7,350.0,276.0,4.8,45790.0,ICE
Porsche,Taycan,2022,0.0,616.0,774.0,2.6,79900.0,Electric
Tesla,Model S,2022,0.0,1020.0,1050.0,1.98,119000.0,Electric
Aston Martin,DBS Superleggera,2022,5.2,715.0,664.0,3.2,307820.0,ICE
Bentley,Continental GT,2022,4.0,542.0,568.0,3.4,207825.0,ICE
Bugatti,Chiron,2021,8.0,1479.0,1180.0,2.3,2998000.0,ICE
McLaren,570S,2021,3.8,562.0,443.0,3.1,202500.0,ICE
Porsche,Taycan Turbo S,2021,0.0,750.0,774.0,2.6,185000.0,Electric
Lamborghini,Aventador S,2021,6.5,730.0,509.0,2.9,417826.0,ICE
Ferrari,F8 Tributo,2022,3.9,710.0,568.0,2.8,276550.0,ICE
Audi,RS 7,2022,4.0,591.0,590.0,3.5,114000.0,ICE
BMW,M2 CS,2022,3.0,444.0,406.0,4.0,84595.0,ICE
Mercedes-Benz,SLS AMG,2021,6.2,622.0,468.0,3.2,275000.0,ICE
Chevrolet,Camaro ZL1,2021,6.2,650.0,650.0,3.5,63000.0,ICE
Ford,GT,2022,3.5,660.0,550.0,3.0,500000.0,ICE
Jaguar,F-Type,2021,5.0,575.0,516.0,3.5,103200.0,ICE
Lotus,Evora GT,2021,3.5,416.0,317.0,3.8,96950.0,ICE
Maserati,GranTurismo,2022,4.7,454.0,384.0,4.8,134300.0,ICE
McLaren,765LT,2021,4.0,755.0,590.0,2.8,358000.0,ICE
Nissan,370Z,2021,3.7,332.0,270.0,5.0,30000.0,ICE
Pagani,Huayra,2021,6.0,730.0,738.0,3.0,2600000.0,ICE
Porsche,Panamera Turbo S,2021,4.0,620.0,604.0,2.9,180000.0,ICE
Tesla,Model S Plaid,2021,0.0,1020.0,1050.0,1.9,131100.0,Electric
Aston Martin,DB11,2021,4.0,503.0,513.0,4.0,201495.0,ICE
Dodge,Challenger Hellcat Redeye,2022,6.2,797.0,707.0,3.4,82190.0,ICE
Lotus,Evora,2021,3.5,416.0,317.0,3.8,96950.0,ICE
Acura,NSX,2021,3.5,573.0,476.0,2.7,159495.0,ICE
Alfa Romeo,Giulia Quadrifoglio,2021,2.9,505.0,443.0,3.8,76950.0,ICE
Bentley,Continental GT,2021,6.0,626.0,664.0,3.3,202500.0,ICE
Jaguar,F-Type,2022,3.0,380.0,339.0,4.9,70100.0,ICE
Koenigsegg,Jesko,2022,5.0,1280.0,1015.0,2.5,3000000.0,ICE
Lexus,LC 500,2021,5.0,471.0,398.0,4.4,92950.0,ICE
Maserati,GranTurismo,2022,4.7,454.0,384.0,4.8,132795.0,ICE
McLaren,GT,2022,4.0,612.0,465.0,3.1,215500.0,ICE
Mercedes-AMG,C 63 S Coupe,2022,4.0,503.0,516.0,3.7,80900.0,ICE
Porsche,718 Cayman,2021,2.0,300.0,280.0,4.9,59900.0,ICE
Rolls-Royce,Wraith,2021,6.8,624.0,605.0,4.3,330000.0,ICE
Tesla,Roadster,2022,0.0,1000.0,7376.0,1.9,200000.0,Electric
Chevrolet,Camaro SS,2021,6.2,455.0,455.0,4.0,40000.0,ICE
Ford,GT,2022,3.5,660.0,550.0,3.0,500000.0,ICE
Acura,NSX,2022,3.5,573.0,476.0,2.7,157500.0,ICE
Aston Martin,DB11,2021,5.2,630.0,516.0,3.7,209000.0,ICE
Bentley,Continental GT,2022,4.0,542.0,568.0,3.9,202500.0,ICE
Bugatti,Chiron,2021,8.0,1500.0,1180.0,2.4,3000000.0,ICE
Dodge,Challenger Hellcat,2022,6.2,717.0,656.0,3.5,67500.0,ICE
Jaguar,F-Type,2021,5.0,575.0,516.0,3.5,103200.0,ICE
Koenigsegg,Jesko,2022,5.0,1280.0,1106.0,2.5,2800000.0,ICE
Lexus,LC,2021,5.0,471.0,398.0,4.4,92950.0,ICE
Lotus,Evora GT,2021,3.5,416.0,317.0,3.8,104200.0,ICE
Maserati,GranTurismo,2021,4.7,454.0,384.0,4.7,133050.0,ICE
McLaren,570S,2021,3.8,562.0,443.0,3.1,196350.0,ICE
Mercedes-Benz,AMG C63,2022,4.0,503.0,516.0,3.8,69900.0,ICE
Pagani,Huayra BC,2021,6.0,791.0,774.0,2.7,2600000.0,ICE
Porsche,Cayman GT4,2022,4.0,414.0,309.0,4.2,102900.0,ICE
Rimac,Nevera,2022,0.0,1914.0,1696.0,1.85,2400000.0,Electric
Rolls-Royce,Wraith,2021,6.7,624.0,605.0,4.4,338000.0,ICE
Tesla,Roadster,2022,0.0,1000.0,7376.0,1.9,200000.0,Electric
Acura,NSX,2022,3.5,573.0,476.0,2.7,157500.0,ICE
Aston Martin,Vantage,2021,4.0,503.0,505.0,3.5,150000.0,ICE
Bentley,Continental GT,2021,6.0,626.0,664.0,3.6,218400.0,ICE
Dodge,Challenger SRT Hellcat Redeye,2021,6.2,797.0,707.0,3.5,73000.0,ICE
Jaguar,F-Type R,2022,5.0,575.0,516.0,3.5,103200.0,ICE
Lexus,LC 500,2021,5.0,471.0,398.0,4.4,92950.0,ICE
Lotus,Evora GT,2021,3.5,416.0,317.0,3.8,104970.0,ICE
Maserati,GranTurismo,2021,4.7,454.0,384.0,4.8,132400.0,ICE
Porsche,Cayman GT4,2021,4.0,414.0,309.0,4.2,101200.0,ICE
Tesla,Roadster,2023,0.0,1000.0,7376.0,1.9,200000.0,Electric
Alpine,A110,2021,1.8,288.0,236.0,4.4,71500.0,ICE
Audi,RS7,2021,4.0,591.0,590.0,3.5,114000.0,ICE
BMW,M4,2021,3.0,473.0,406.0,4.1,71800.0,ICE
Chevrolet,Camaro ZL1,2021,6.2,650.0,650.0,3.5,64195.0,ICE
Dodge,Viper,2017,8.4,645.0,600.0,3.3,118795.0,ICE
Ferrari,Portofino,2021,3.9,591.0,560.0,3.5,218750.0,ICE
Jaguar,F-Type,2022,3.0,296.0,295.0,5.4,61600.0,ICE
Lamborghini,Aventador SVJ,2021,6.5,770.0,531.0,2.8,517700.0,ICE
McLaren,600LT,2021,3.8,592.0,457.0,2.8,240000.0,ICE
Aston Martin,DB11,2021,5.2,630.0,516.0,3.5,221400.0,ICE
Bentley,Continental GT,2021,6.0,626.0,664.0,3.6,202500.0,ICE
Bugatti,Chiron,2022,8.0,1500.0,1180.0,2.4,3000000.0,ICE
Dodge,Challenger SRT Hellcat,2021,6.2,717.0,656.0,3.5,64100.0,ICE
Jaguar,F-Type R,2022,5.0,575.0,516.0,3.5,103200.0,ICE
Koenigsegg,Jesko,2022,5.0,1280.0,1015.0,2.5,2800000.0,ICE
Lexus,LC 500,2021,5.0,471.0,398.0,4.4,92950.0,ICE
Lotus,Evora GT,2021,3.5,416.0,317.0,3.8,100450.0,ICE
Maserati,GranTurismo,2021,4.7,454.0,384.0,4.8,150980.0,ICE
McLaren,Artura,2022,3.0,671.0,531.0,3.0,225000.0,ICE
Mercedes-AMG,C 63 S,2022,4.0,503.0,516.0,3.7,81550.0,ICE
Pagani,Huayra,2021,6.0,764.0,738.0,2.8,3500000.0,ICE
Porsche,Cayman GT4,2021,4.0,414.0,309.0,4.2,102550.0,ICE
Rimac,C_Two,2022,0.0,1888.0,1696.0,1.8,2400000.0,Electric
Rolls-Royce,Wraith,2021,6.6,624.0,642.0,4.4,330000.0,ICE
Tesla,Roadster,2022,0.0,10000.0,7376.0,1.9,200000.0,Electric
Toyota,Supra,2022,3.0,382.0,368.0,3.9,43090.0,ICE
Acura,NSX,2021,3.5,573.0,476.0,2.7,157500.0,ICE
Aston Martin,Vantage,2021,4.0,503.0,505.0,3.5,146000.0,ICE
Bentley,Continental GT,2022,4.0,542.0,568.0,3.9,207825.0,ICE
Dodge,Challenger SRT Hellcat,2021,6.2,717.0,656.0,3.5,64195.0,ICE
Jaguar,F-Type,2022,3.0,380.0,339.0,4.8,62250.0,ICE
Lexus,LC 500,2022,5.0,471.0,398.0,4.4,92000.0,ICE
Lotus,Evora GT,2021,3.5,416.0,317.0,3.8,105000.0,ICE
Maserati,GranTurismo,2022,4.7,454.0,384.0,4.7,134300.0,ICE
McLaren,570S,2022,3.8,562.0,443.0,2.9,204550.0,ICE
Porsche,Cayman GT4,2021,4.0,414.0,309.0,4.2,102000.0,ICE
Tesla,Model S Plaid,2021,0.0,1020.0,1050.0,1.9,141190.0,Electric
Audi,RS 5,2021,2.9,444.0,443.0,3.5,75100.0,ICE
BMW,M2 Competition,2022,3.0,405.0,406.0,4.0,59895.0,ICE
Chevrolet,Camaro ZL1,2021,6.2,650.0,650.0,3.5,64995.0,ICE
Dodge,Viper ACR,2017,8.4,645.0,600.0,3.3,126190.0,ICE
Ford,GT,2021,3.5,660.0,550.0,2.9,500000.0,ICE
Porsche,Taycan 4S,2022,2.5,482.0,472.0,3.8,102900.0,ICE
Lamborghini,Aventador S,2021,6.5,730.0,509.0,2.9,417650.0,ICE
Aston Martin,DB11,2021,5.2,630.0,516.0,3.5,205000.0,ICE
Alfa Romeo,Giulia Quadrifoglio,2022,2.9,505.0,443.0,3.8,81250.0,ICE
Audi,RS7 Sportback,2022,4.0,591.0,590.0,3.5,115045.0,ICE
BMW,M4 Competition,2021,3.0,503.0,479.0,3.9,75695.0,ICE
Chevrolet,Camaro SS,2022,6.2,455.0,455.0,4.1,42000.0,ICE
Dodge,Charger Hellcat,2021,6.2,717.0,650.0,3.6,71490.0,ICE
Ferrari,F8 Tributo,2021,3.9,710.0,568.0,2.9,274280.0,ICE
Ford,GT,2021,3.5,660.0,550.0,2.8,500000.0,ICE
Jaguar,F-Type R,2021,5.0,575.0,516.0,3.5,103200.0,ICE
Koenigsegg,Jesko Absolut,2022,5.0,1600.0,1106.0,2.1,2800000.0,ICE
Lexus,LC 500,2021,5.0,471.0,398.0,4.4,93050.0,ICE
Lotus,Evija,2022,0.0,1973.0,1254.0,2.5,2750000.0,Electric
McLaren,GT,2022,4.0,612.0,465.0,3.2,210000.0,ICE
Mercedes-Benz,AMG GT Black Series,2021,4.0,720.0,590.0,3.2,326050.0,ICE
Porsche,Cayman GT4,2021,4.0,414.0,309.0,4.2,102500.0,ICE
Lamborghini,Aventador,2021,6.5,770.0,531.0,2.8,417650.0,ICE
Ferrari,Portofino,2021,3.9,591.0,560.0,3.3,218750.0,ICE
Audi,TT RS,2022,2.5,394.0,354.0,3.6,69000.0,ICE
McLaren,600LT Spider,2021,3.8,592.0,457.0,2.8,256500.0,ICE
BMW,M4,2022,3.0,473.0,406.0,4.1,72800.0,ICE
Mercedes-Benz,AMG C 63,2022,4.0,503.0,516.0,3.8,70000.0,ICE
Chevrolet,Camaro SS 1LE,2021,6.2,455.0,455.0,4.0,44500.0,ICE
Ford,Mustang Mach 1,2021,5.0,480.0,420.0,4.0,51000.0,ICE
Nissan,370Z Nismo,2021,3.7,350.0,276.0,5.2,45000.0,ICE
Aston Martin,Vantage,2021,4.0,503.0,505.0,3.5,146000.0,ICE
Bugatti,Chiron,2022,8.0,1500.0,1180.0,2.4,3000000.0,ICE
Koenigsegg,Jesko,2021,5.0,1262.0,1106.0,2.5,3000000.0,ICE
Pagani,Huayra,2021,6.0,764.0,738.0,2.6,2600000.0,ICE
McLaren,Speedtail,2021,4.0,1035.0,848.0,2.5,2300000.0,ICE
Lamborghini,Sián,2021,6.5,819.0,531.0,2.8,3600000.0,ICE
Rimac,C_Two,2021,0.0,1914.0,1732.0,1.8,2400000.0,Electric
Porsche,Cayman,2022,2.0,300.0,280.0,4.9,59900.0,ICE
Lamborghini,Aventador,2021,6.5,770.0,531.0,2.8,393695.0,ICE
Ferrari,Portofino,2021,3.9,591.0,413.0,3.5,215000.0,ICE
Audi,RS 5,2022,2.9,444.0,443.0,3.7,75100.0,ICE
McLaren,GT,2021,4.0,620.0,465.0,3.1,210000.0,ICE
BMW,Z4 M40i,2022,3.0,382.0,369.0,4.3,63700.0,ICE
Mercedes-Benz,SLC 43,2020,3.0,385.0,384.0,4.6,62000.0,ICE
Chevrolet,Camaro SS,2022,6.2,455.0,455.0,4.3,42500.0,ICE
Ford,Mustang GT,2022,5.0,460.0,420.0,4.3,36120.0,ICE
Nissan,370Z Nismo,2020,3.7,350.0,276.0,4.6,45790.0,ICE
Aston Martin,Vantage,2022,4.0,503.0,505.0,3.6,146000.0,ICE
Bentley,Continental GT,2021,4.0,626.0,664.0,3.3,220000.0,ICE
Porsche,718 Boxster,2022,2.0,300.0,280.0,4.9,62000.0,ICE
Lamborghini,Urus,2021,4.0,641.0,627.0,3.6,222004.0,ICE
Ferrari,F8 Spider,2021,3.9,710.0,568.0,2.9,280000.0,ICE
Audi,TT RS,2022,2.5,394.0,354.0,3.6,69900.0,ICE
McLaren,570S,2021,3.8,562.0,443.0,2.9,208800.0,ICE
BMW,M4,2022,3.0,473.0,406.0,4.0,72800.0,ICE
Porsche,718 Cayman,2022,2.0,300.0,280.0,4.9,60500.0,ICE
Lamborghini,Aventador,2021,6.5,730.0,509.0,2.9,393695.0,ICE
Ferrari,SF90 Stradale,2022,4.0,986.0,590.0,2.5,625000.0,ICE
Audi,RS5,2022,2.9,444.0,443.0,3.7,75100.0,ICE
McLaren,GT,2021,4.0,612.0,465.0,3.2,208800.0,ICE
BMW,M2,2022,3.0,405.0,406.0,4.0,58900.0,ICE
Mercedes-Benz,SLS AMG,2015,6.2,622.0,468.0,3.6,229000.0,ICE
Chevrolet,Camaro ZL1,2021,6.2,650.0,650.0,3.5,62000.0,ICE
Ford,GT,2022,3.5,660.0,550.0,3.0,500000.0,ICE
Nissan,370Z Nismo,2020,3.7,350.0,276.0,5.2,46200.0,ICE
Dodge,Challenger SRT Hellcat,2021,6.2,717.0,656.0,3.6,71000.0,ICE
Aston Martin,DBS Superleggera,2021,5.2,715.0,663.0,3.2,308000.0,ICE
Alfa Romeo,Giulia Quadrifoglio,2022,2.9,505.0,443.0,3.8,80500.0,ICE
Jaguar,F-Type R,2021,5.0,575.0,516.0,3.5,105900.0,ICE
Lotus,Evora GT,2020,3.5,416.0,317.0,3.8,96950.0,ICE
Maserati,GranTurismo,2019,4.7,454.0,384.0,4.7,150980.0,ICE
Porsche,Panamera Turbo S,2022,4.0,630.0,604.0,2.9,180800.0,ICE
Lamborghini,Urus,2021,4.0,641.0,627.0,3.2,218000.0,ICE
Aston Martin,Vantage,2021,4.0,503.0,505.0,3.5,146000.0,ICE
Lotus,Evora,2021,3.5,416.0,317.0,3.8,94000.0,ICE
Alfa Romeo,4C Spider,2020,1.7,237.0,258.0,4.1,67150.0,ICE
Jaguar,F-Type,2022,3.0,380.0,339.0,4.9,70900.0,ICE
Maserati,GranTurismo,2021,4.7,454.0,384.0,4.7,134300.0,ICE
Porsche,Cayman GT4,2021,4.0,414.0,309.0,4.2,100200.0,ICE
Audi,RS5 Coupe,2022,2.9,444.0,443.0,3.7,76450.0,ICE
BMW,M2 Competition,2021,3.0,405.0,406.0,4.0,58900.0,ICE
Chevrolet,Camaro ZL1,2022,6.2,650.0,650.0,3.5,64000.0,ICE
Dodge,Challenger SRT Hellcat,2022,6.2,717.0,656.0,3.5,61500.0,ICE
Ford,GT,2021,3.5,647.0,550.0,2.8,500000.0,ICE
Lexus,LC 500,2022,5.0,471.0,398.0,4.4,92950.0,ICE
McLaren,570S,2022,3.8,562.0,443.0,3.1,198950.0,ICE
Mercedes-AMG,C63 S Coupe,2021,4.0,503.0,516.0,3.7,77950.0,ICE
Nissan,370Z Nismo,2021,3.7,350.0,276.0,4.9,45790.0,ICE
Porsche,718 Boxster,2021,2.0,300.0,280.0,4.9,62000.0,ICE
Lamborghini,Aventador S,2021,6.5,729.0,507.0,2.9,417826.0,ICE
Ferrari,F8 Tributo,2021,3.9,710.0,568.0,2.9,274280.0,ICE
Audi,TT RS Coupe,2021,2.5,394.0,354.0,3.6,67600.0,ICE
BMW,M4 Coupe,2021,3.0,473.0,406.0,3.8,71800.0,ICE
Acura,NSX,2021,3.5,573.0,476.0,2.7,159495.0,ICE
Aston Martin,DBS Superleggera,2022,5.2,715.0,664.0,3.4,314500.0,ICE
Bentley,Continental GT,2022,6.0,626.0,664.0,3.3,214425.0,ICE
Bugatti,Chiron,2022,8.0,1500.0,1180.0,2.3,3000000.0,ICE
Dodge,Challenger SRT Hellcat,2022,6.2,717.0,656.0,3.5,71490.0,ICE
Jaguar,F-Type,2021,5.0,575.0,516.0,3.5,105900.0,ICE
Koenigsegg,Jesko,2021,5.0,1280.0,1106.0,2.5,2800000.0,ICE
Lexus,LC 500,2021,5.0,471.0,398.0,4.4,92950.0,ICE
Lotus,Evora GT,2021,3.5,416.0,317.0,3.8,104400.0,ICE
Maserati,GranTurismo,2022,4.7,454.0,384.0,4.7,150980.0,ICE
McLaren,Artura,2022,3.0,671.0,531.0,3.0,225000.0,ICE
Pagani,Huayra,2021,6.0,764.0,738.0,2.6,2600000.0,ICE
Porsche,Cayman GT4,2022,4.0,414.0,309.0,4.2,102000.0,ICE
Rimac,C_Two,2021,0.0,1914.0,1696.0,1.9,2400000.0,Electric
Rolls-Royce,Wraith,2021,6.8,624.0,605.0,4.4,335550.0,ICE
Tesla,Model S Plaid,2021,0.0,1020.0,1050.0,1.9,141990.0,Electric
Toyota,GR Supra,2022,3.0,382.0,368.0,3.9,43090.0,ICE
TVR,Griffith,2021,5.0,500.0,420.0,3.9,157500.0,ICE
Ultima,RS,2021,6.2,1200.0,1300.0,2.3,220000.0,ICE
W Motors,Fenyr SuperSport,2022,3.8,800.0,723.0,2.7,1550000.0,ICE
Acura,NSX,2021,3.5,573.0,476.0,2.9,157500.0,ICE
Aston Martin,DBS Superleggera,2022,5.2,715.0,663.0,3.2,308000.0,ICE
Bentley,Continental GT,2021,6.0,626.0,664.0,3.6,202500.0,ICE
Bugatti,Chiron,2021,8.0,1500.0,1180.0,2.3,3000000.0,ICE
Dodge,Challenger SRT Hellcat,2021,6.2,717.0,656.0,3.5,65000.0,ICE
Jaguar,F-Type,2021,3.0,380.0,339.0,4.9,63100.0,ICE
Lexus,LC 500,2021,5.0,471.0,398.0,4.4,92950.0,ICE
Lotus,Evija,2022,0.0,1973.0,1254.0,2.5,2600000.0,Electric
Maserati,GranTurismo,2021,4.7,454.0,384.0,4.8,134300.0,ICE
Porsche,Taycan,2021,0.0,616.0,774.0,2.6,185000.0,Electric
Rimac,C_Two,2022,0.0,1914.0,1696.0,1.9,2400000.0,Electric
Tesla,Model S Plaid,2022,0.0,1020.0,1050.0,1.98,140000.0,Electric
McLaren,Artura,2022,3.0,671.0,531.0,3.0,225000.0,ICE
Mercedes-Benz,AMG GT Black Series,2021,4.0,720.0,590.0,3.1,325000.0,ICE
Chevrolet,Camaro ZL1,2021,6.2,650.0,650.0,3.5,63000.0,ICE
Ford,GT,2021,3.5,647.0,550.0,3.0,500000.0,ICE
Aston Martin,DBS Superleggera,2021,5.2,715.0,664.0,3.4,307820.0,ICE
Jaguar,F-Type,2022,5.0,575.0,516.0,3.5,103200.0,ICE
Dodge,Challenger SRT Hellcat Redeye,2021,6.2,797.0,707.0,3.5,80190.0,ICE
Lotus,Evora GT,2022,3.5,416.0,317.0,3.8,105000.0,ICE
Alfa Romeo,4C Spider,2020,1.8,237.0,258.0,4.1,68745.0,ICE
Subaru,WRX STI,2022,2.5,310.0,290.0,5.2,38170.0,ICE
Acura,NSX,2022,3.5,573.0,476.0,2.7,157500.0,ICE
Koenigsegg,Jesko,2021,5.0,1280.0,1015.0,2.5,2800000.0,ICE
Tesla,Model S Plaid,2022,0.0,1020.0,1050.0,1.98,139990.0,Electric
Bugatti,Chiron Super Sport 300+,2022,8.0,1578.0,1180.0,2.3,5200000.0,ICE
McLaren,Senna,2020,4.0,789.0,590.0,2.7,1500000.0,ICE
Porsche,Taycan Turbo S,2022,0.0,750.0,774.0,2.6,185000.0,Electric
Mercedes-Benz,SLS AMG Black Series,2014,6.2,622.0,468.0,3.5,275000.0,ICE
Lexus,LC 500,2022,5.0,471.0,398.0,4.4,93050.0,ICE
Chevrolet,Camaro ZL1,2022,6.2,650.0,650.0,3.5,65000.0,ICE
Audi,RS 7 Sportback,2022,4.0,591.0,590.0,3.5,114000.0,ICE
Ford,GT,2022,3.5,660.0,550.0,3.0,500000.0,ICE
BMW,M2 CS,2022,3.0,444.0,406.0,3.8,84595.0,ICE
Porsche,Cayman GT4,2022,4.0,414.0,309.0,4.2,102550.0,ICE
Lamborghini,Aventador,2022,6.5,770.0,531.0,2.8,393695.0,ICE
Aston Martin,Vantage,2021,4.0,503.0,505.0,3.6,146000.0,ICE
Lotus,Evora GT,2021,3.5,416.0,317.0,3.8,96950.0,ICE
Porsche,Panamera Turbo S,2021,4.0,620.0,604.0,2.9,180000.0,ICE
Lamborghini,Aventador S,2022,6.5,729.0,507.0,2.9,460247.0,ICE
Ferrari,SF90 Stradale,2021,4.0,986.0,590.0,2.5,625000.0,ICE
Audi,RS 6 Avant,2022,4.0,591.0,590.0,3.1,110045.0,ICE
McLaren,570S,2021,3.8,562.0,443.0,3.1,192500.0,ICE
BMW,M5,2022,4.4,600.0,553.0,3.2,103500.0,ICE
Mercedes-Benz,AMG C 63 S,2021,4.0,503.0,516.0,3.7,77400.0,ICE
Chevrolet,Camaro ZL1,2021,6.2,650.0,650.0,3.5,64695.0,ICE
Dodge,Challenger SRT Hellcat,2021,6.2,717.0,656.0,3.5,64195.0,ICE
Ford,GT,2021,3.5,660.0,550.0,3.0,500000.0,ICE
Nissan,370Z Nismo,2020,3.7,350.0,276.0,5.0,46815.0,ICE
Porsche,Cayman GT4,2021,4.0,414.0,309.0,4.2,102550.0,ICE
Audi,TT RS,2021,2.5,394.0,354.0,3.6,67895.0,ICE
Chevrolet,Corvette Z06,2023,5.5,625.0,650.0,2.6,85000.0,ICE
Lamborghini,Urus,2022,4.0,641.0,626.0,3.2,218009.0,ICE
Mercedes-Benz,AMG GT 63 S,2021,4.0,630.0,664.0,3.1,162900.0,ICE
Ferrari,Portofino M,2022,3.9,612.0,560.0,3.5,245000.0,ICE
Bugatti,Chiron,2021,8.0,1479.0,1180.0,2.5,3000000.0,ICE
Aston Martin,DBS Superleggera,2021,5.2,715.0,664.0,3.4,304995.0,ICE
Lotus,Evora GT,2021,3.5,416.0,317.0,3.8,100450.0,ICE
Porsche,Cayman GT4,2022,4.0,414.0,309.0,4.2,100200.0,ICE
Acura,NSX,2021,3.5,573.0,476.0,2.7,157500.0,ICE
Lexus,LC,2021,5.0,471.0,398.0,4.4,92950.0,ICE
Alfa Romeo,Giulia Quadrifoglio,2021,2.9,505.0,443.0,3.8,74750.0,ICE
Audi,RS7,2021,4.0,591.0,590.0,3.5,114000.0,ICE
Bentley,Continental GT,2021,6.0,626.0,664.0,3.3,218400.0,ICE
BMW,M5,2021,4.4,600.0,553.0,3.2,103500.0,ICE
Chevrolet,Camaro ZL1,2021,6.2,650.0,650.0,3.5,64695.0,ICE
Dodge,Challenger Hellcat,2021,6.2,717.0,656.0,3.5,70595.0,ICE
Ford,GT,2022,3.5,647.0,550.0,3.0,500000.0,ICE
Jaguar,F-Type R,2021,5.0,575.0,516.0,3.5,103200.0,ICE
Lamborghini,Aventador,2021,6.5,730.0,509.0,2.9,393695.0,ICE
McLaren,570S,2021,3.8,562.0,443.0,3.1,203500.0,ICE
Mercedes-Benz,SLS AMG,2015,6.2,583.0,479.0,3.6,221580.0,ICE
Nissan,370Z Nismo,2020,3.7,350.0,276.0,4.7,47190.0,ICE
Porsche,Boxster,2021,2.0,300.0,280.0,4.9,62000.0,ICE
Porsche,718 Cayman,2022,2.0,300.0,280.0,4.9,61500.0,ICE
Lamborghini,Aventador,2021,6.5,759.0,531.0,2.9,393695.0,ICE
Ferrari,Roma,2021,3.9,612.0,561.0,3.3,222630.0,ICE
Audi,RS 5,2022,2.9,444.0,442.0,3.5,75400.0,ICE
McLaren,570S,2020,3.8,562.0,443.0,3.1,208000.0,ICE
BMW,M2,2022,3.0,405.0,406.0,4.2,58900.0,ICE
Mercedes-Benz,SL,2022,3.0,429.0,384.0,4.9,96250.0,ICE
Chevrolet,Camaro,2021,6.2,455.0,455.0,4.0,25000.0,ICE
Ford,GT,2022,3.5,660.0,550.0,3.0,500000.0,ICE
Nissan,370Z Nismo,2021,3.7,350.0,276.0,5.0,45000.0,ICE
Aston Martin,DBS Superleggera,2021,5.2,715.0,664.0,3.4,307820.0,ICE
Lotus,Evora GT,2021,3.5,416.0,317.0,3.8,100450.0,ICE
Maserati,GranTurismo,2021,4.7,454.0,384.0,4.7,134300.0,ICE
Porsche,Panamera,2022,2.9,325.0,331.0,5.2,88550.0,ICE
Lamborghini,Urus,2021,4.0,641.0,627.0,3.6,218009.0,ICE
Ferrari,SF90 Stradale,2021,4.0,986.0,590.0,2.5,625000.0,ICE
Audi,RS 6,2022,4.0,591.0,590.0,3.5,109000.0,ICE
McLaren,Artura,2022,3.0,671.0,531.0,3.0,225000.0,ICE
Porsche,Taycan 4S,2021,0.0,429.0,472.0,3.8,103800.0,Electric
Lamborghini,Aventador S,2021,6.5,730.0,509.0,2.9,417650.0,ICE
Ferrari,SF90 Stradale,2021,4.0,986.0,590.0,2.5,625000.0,ICE
Audi,RS 7,2022,4.0,591.0,590.0,3.5,117000.0,ICE
McLaren,570S,2021,3.8,562.0,443.0,3.1,192500.0,ICE
BMW,M4,2021,3.0,473.0,406.0,4.0,72800.0,ICE
Mercedes-Benz,SLS AMG,2015,6.2,622.0,468.0,3.5,228000.0,ICE
Chevrolet,Camaro SS,2021,6.2,455.0,455.0,4.0,42000.0,ICE
Ford,GT,2021,3.5,660.0,550.0,3.0,500000.0,ICE
Nissan,370Z Nismo,2021,3.7,350.0,276.0,5.0,48000.0,ICE
Aston Martin,DBS Superleggera,2021,5.2,715.0,664.0,3.2,307820.0,ICE
Lexus,LC 500,2021,5.0,471.0,398.0,4.4,93000.0,ICE
Bentley,Continental GT,2021,4.0,626.0,664.0,3.3,202500.0,ICE
Maserati,GranTurismo,2021,4.7,454.0,384.0,4.7,150980.0,ICE
Tesla,Model S Plaid,2022,0.0,1020.0,1050.0,1.98,131190.0,Electric
Rolls-Royce,Dawn,2021,6.6,563.0,605.0,4.3,346300.0,ICE
Bugatti,Chiron Pur Sport,2021,8.0,1500.0,1180.0,2.3,3599000.0,ICE
McLaren,Senna,2019,4.0,789.0,590.0,2.7,1050000.0,ICE
Porsche,Panamera Turbo S E-Hybrid,2021,4.0,690.0,641.0,3.0,186350.0,Hybrid
Acura,NSX,2021,3.5,573.0,476.0,2.7,157500.0,ICE
Aston Martin,DB11,2021,4.0,503.0,498.0,3.7,205600.0,ICE
Audi,RS7,2021,4.0,591.0,590.0,3.5,114000.0,ICE
Bentley,Continental GT,2021,6.0,626.0,664.0,3.6,201000.0,ICE
Bugatti,Chiron,2021,8.0,1500.0,1180.0,2.5,3000000.0,ICE
Chevrolet,Camaro ZL1,2022,6.2,650.0,650.0,3.5,67000.0,ICE
Dodge,Challenger Hellcat,2021,6.2,717.0,656.0,3.5,64000.0,ICE
Ferrari,812 Superfast,2021,6.5,789.0,530.0,2.8,340000.0,ICE
Lamborghini,Aventador SVJ,2021,6.5,770.0,531.0,2.8,517770.0,ICE
McLaren,600LT Spider,2021,3.8,592.0,457.0,2.8,256500.0,ICE
Mercedes-AMG,GT Black Series,2021,4.0,720.0,590.0,3.1,325000.0,ICE
Nissan,400Z,2023,3.0,400.0,350.0,4.0,40000.0,ICE
Porsche,Cayman GT4,2021,4.0,414.0,309.0,4.2,101000.0,ICE
Rimac,Nevera,2021,0.0,1914.0,1696.0,1.9,2400000.0,Electric
Rolls-Royce,Wraith,2021,6.8,624.0,605.0,4.4,330000.0,ICE
Tesla,Model S Plaid,2021,0.0,1020.0,1050.0,1.9,139990.0,Electric
Toyota,Supra,2021,3.0,382.0,368.0,3.9,43000.0,ICE
Porsche,718 Boxster,2021,2.0,300.0,280.0,4.9,62000.0,ICE
Porsche,718 Boxster,2022,2.0,300.0,280.0,4.9,62000.0,ICE
Lamborghini,Aventador S,2021,6.5,730.0,509.0,2.9,417826.0,ICE
Ferrari,SF90 Stradale,2022,4.0,986.0,590.0,2.5,625000.0,ICE
Audi,RS 7,2022,4.0,591.0,590.0,3.5,114000.0,ICE
McLaren,Artura,2021,3.0,671.0,531.0,3.0,225000.0,ICE
BMW,M2,2022,3.0,405.0,406.0,4.1,58900.0,ICE
Mercedes-Benz,SLS AMG,2015,6.2,583.0,479.0,3.6,221580.0,ICE
Chevrolet,Camaro ZL1,2021,6.2,650.0,650.0,3.5,64695.0,ICE
Ford,GT,2022,3.5,647.0,550.0,3.0,500000.0,ICE
Nissan,370Z Nismo,2021,3.7,350.0,276.0,4.8,45000.0,ICE
Dodge,Charger Hellcat,2021,6.2,707.0,650.0,3.6,69995.0,ICE
Aston Martin,DBS Superleggera,2021,5.2,715.0,663.0,3.2,305000.0,ICE
Alfa Romeo,Giulia Quadrifoglio,2021,2.9,505.0,443.0,3.8,75000.0,ICE
Audi,TT RS,2021,2.5,394.0,354.0,3.6,68000.0,ICE
Bentley,Continental GT,2021,6.0,626.0,664.0,3.6,203825.0,ICE
BMW,M5,2022,4.4,600.0,553.0,3.2,103500.0,ICE
Chevrolet,Corvette Stingray,2021,6.2,495.0,470.0,2.9,58900.0,ICE
Dodge,Challenger SRT Hellcat,2021,6.2,717.0,656.0,3.5,63000.0,ICE
Ford,Mustang GT,2022,5.0,460.0,420.0,4.0,45000.0,ICE
Porsche,Cayman,2022,2.0,300.0,280.0,4.9,59900.0,ICE
Lamborghini,Aventador,2021,6.5,770.0,531.0,2.8,417826.0,ICE
Ferrari,Roma,2022,3.9,612.0,560.0,3.3,222630.0,ICE
Audi,RS7,2022,4.0,591.0,590.0,3.5,114000.0,ICE
McLaren,570S,2021,3.8,562.0,443.0,2.7,204995.0,ICE
BMW,M4,2022,3.0,473.0,406.0,4.1,71800.0,ICE
Mercedes-Benz,SLS AMG,2021,6.2,622.0,468.0,3.5,243600.0,ICE
Chevrolet,Camaro SS,2021,6.2,455.0,455.0,4.0,42000.0,ICE
Ford,GT,2022,3.5,660.0,550.0,2.8,500000.0,ICE
Nissan,370Z Nismo,2021,3.7,350.0,276.0,5.0,47190.0,ICE
Porsche,Panamera,2022,2.9,325.0,331.0,5.4,88550.0,ICE
Lamborghini,Urus,2021,4.0,641.0,627.0,3.2,218000.0,ICE
Ferrari,SF90 Stradale,2021,4.0,986.0,590.0,2.5,625000.0,ICE
Audi,RS6,2022,4.0,591.0,590.0,3.5,113000.0,ICE
McLaren,Artura,2021,3.0,671.0,531.0,3.0,225000.0,ICE
BMW,M2,2022,3.0,405.0,406.0,4.0,58900.0,ICE
Mercedes-Benz,GT 63,2021,4.0,577.0,590.0,3.3,161200.0,ICE
Chevrolet,Camaro ZL1,2021,6.2,650.0,650.0,3.5,63000.0,ICE
Aston Martin,DBS Superleggera,2021,5.2,715.0,663.0,3.2,310000.0,ICE
Bugatti,Chiron,2022,8.0,1500.0,1180.0,2.4,3000000.0,ICE
Koenigsegg,Jesko,2021,5.0,1280.0,1106.0,2.5,2800000.0,ICE
Pagani,Huayra,2021,6.0,764.0,737.0,3.0,2600000.0,ICE
Rimac,C_Two,2022,0.0,1914.0,1696.0,1.85,2400000.0,Electric
McLaren,Senna,2021,4.0,789.0,590.0,2.7,1000000.0,ICE
Porsche,918 Spyder,2015,4.6,887.0,944.0,2.2,1800000.0,ICE
Ferrari,SF90 Stradale,2021,4.0,986.0,590.0,2.5,625000.0,ICE
Lamborghini,Aventador SVJ,2020,6.5,759.0,531.0,2.8,517000.0,ICE
Audi,RS 6 Avant,2021,4.0,591.0,590.0,3.5,110000.0,ICE
Bentley,Continental GT Speed,2022,6.0,650.0,664.0,3.5,300000.0,ICE
Chevrolet,Camaro ZL1,2021,6.2,650.0,650.0,3.5,68000.0,ICE
Dodge,Challenger SRT Hellcat,2021,6.2,717.0,656.0,3.5,65000.0,ICE
Ford,GT,2021,3.5,660.0,550.0,2.9,500000.0,ICE
Lexus,LC 500,2022,5.0,471.0,398.0,4.4,92000.0,ICE
Lotus,Evija,2022,0.0,1972.0,1254.0,2.5,2700000.0,Electric
Mercedes-AMG,GT Black Series,2021,4.0,720.0,590.0,3.1,330000.0,ICE
Aston Martin,DB11,2021,4.0,503.0,513.0,3.9,205000.0,ICE
Bentley,Continental GT,2022,4.0,542.0,568.0,3.9,229000.0,ICE
Jaguar,F-Type,2022,2.0,296.0,295.0,5.4,62750.0,ICE
Lotus,Evora GT,2021,3.5,416.0,317.0,3.8,100000.0,ICE
Maserati,GranTurismo,2021,4.7,454.0,384.0,4.7,135000.0,ICE
Porsche,Boxster,2022,2.0,300.0,280.0,4.9,63000.0,ICE
Alfa Romeo,4C,2020,1.8,237.0,258.0,4.2,67150.0,ICE
Chevrolet,Camaro,2022,6.2,455.0,455.0,4.0,62195.0,ICE
Dodge,Challenger,2022,3.6,305.0,268.0,6.4,28000.0,ICE
Ford,GT,2022,3.5,660.0,550.0,2.9,500000.0,ICE
Audi,RS7,2022,4.0,591.0,590.0,3.5,115045.0,ICE
BMW,M4,2022,3.0,473.0,406.0,4.1,71800.0,ICE
Lamborghini,Aventador,2021,6.5,729.0,507.0,2.9,393695.0,ICE
Mercedes-Benz,AMG C 63,2021,4.0,469.0,479.0,3.8,69900.0,ICE
Nissan,370Z,2021,3.7,350.0,276.0,5.3,30090.0,ICE
Porsche,Cayman,2022,2.0,300.0,280.0,4.9,68000.0,ICE
BMW,i8,2022,1.5,369.0,184.0,4.2,147500.0,ICE
Chevrolet,Corvette Stingray,2021,6.2,495.0,470.0,2.9,58900.0,ICE
Porsche,Taycan Turbo S,2022,0.0,750.0,774.0,2.6,185000.0,Electric
Lamborghini,Aventador S,2021,6.5,729.0,507.0,2.9,417650.0,ICE
Ferrari,SF90 Stradale,2022,4.0,986.0,590.0,2.5,625000.0,ICE
Audi,RS7,2022,4.0,591.0,590.0,3.5,115000.0,ICE
McLaren,GT,2022,4.0,620.0,465.0,3.1,208000.0,ICE
BMW,M5,2022,4.4,600.0,553.0,3.2,103500.0,ICE
Mercedes-Benz,SLS AMG,2021,4.0,730.0,590.0,2.9,250000.0,ICE
Chevrolet,Camaro ZL1,2021,6.2,650.0,650.0,3.5,63000.0,ICE
Ford,GT,2022,3.5,660.0,550.0,2.8,500000.0,ICE
Nissan,370Z Nismo,2021,3.7,350.0,276.0,5.0,46100.0,ICE
Porsche,Panamera Turbo S,2022,4.0,630.0,604.0,3.1,180000.0,ICE
Lamborghini,Urus,2021,4.0,641.0,627.0,3.2,218000.0,ICE
Ferrari,Portofino,2022,3.9,591.0,561.0,3.4,250000.0,ICE
Audi,TT RS,2022,2.5,394.0,354.0,3.6,70000.0,ICE
McLaren,570S,2021,3.8,562.0,443.0,3.1,200000.0,ICE
BMW,i8,2022,4.0,369.0,184.0,4.2,148500.0,Hybrid
Porsche,718 Cayman,2022,2.0,300.0,280.0,4.9,61500.0,ICE
Lamborghini,Aventador,2021,6.5,770.0,531.0,2.8,417826.0,ICE
Ferrari,Portofino,2022,3.9,612.0,561.0,3.3,245000.0,ICE
Audi,TT RS,2022,2.5,394.0,354.0,3.6,67800.0,ICE
McLaren,GT,2022,4.0,620.0,465.0,3.1,211300.0,ICE
BMW,M4,2022,3.0,473.0,406.0,4.1,71800.0,ICE
Mercedes-Benz,SLS AMG,2015,6.2,622.0,468.0,3.5,222500.0,ICE
Chevrolet,Camaro SS,2022,6.2,455.0,455.0,4.0,43995.0,ICE
Ford,GT,2022,3.5,660.0,550.0,2.9,500000.0,ICE
Nissan,370Z Nismo,2021,3.7,350.0,276.0,4.8,45790.0,ICE
Porsche,911 Turbo S,2022,3.8,640.0,590.0,2.6,208000.0,ICE
McLaren,765LT,2021,4.0,755.0,590.0,2.8,358000.0,ICE
Lamborghini,Urus,2021,4.0,641.0,627.0,3.6,218009.0,ICE
Mercedes-AMG,GT Black Series,2021,4.0,720.0,590.0,3.1,325000.0,ICE
BMW,M5 Competition,2022,4.4,617.0,553.0,3.1,103500.0,ICE
Audi,RS7,2022,4.0,591.0,590.0,3.5,115000.0,ICE
Aston Martin,Vantage,2022,4.0,503.0,505.0,3.5,152995.0,ICE
Ferrari,F8 Spider,2021,3.9,710.0,568.0,2.9,274280.0,ICE
Lexus,LC 500,2022,5.0,471.0,398.0,4.4,102550.0,ICE
Porsche,Taycan,2022,0.0,469.0,479.0,3.8,79900.0,Electric
Lamborghini,Aventador SVJ,2021,6.5,759.0,531.0,2.8,517770.0,ICE
Ferrari,SF90 Stradale,2021,4.0,986.0,590.0,2.5,625000.0,ICE
Audi,RS6 Avant,2021,4.0,591.0,590.0,3.5,109000.0,ICE
McLaren,600LT Spider,2021,3.8,592.0,457.0,2.8,256500.0,ICE
BMW,M4,2022,3.0,473.0,406.0,3.8,71800.0,ICE
Mercedes-Benz,AMG GT R,2021,4.0,577.0,516.0,3.5,180000.0,ICE
Chevrolet,Camaro ZL1,2021,6.2,650.0,650.0,3.5,64695.0,ICE
Ford,GT,2022,3.5,660.0,550.0,3.0,500000.0,ICE
Nissan,370Z Nismo,2021,3.7,350.0,276.0,5.0,48000.0,ICE
Porsche,Panamera Turbo S E-Hybrid,2021,4.0,690.0,642.0,3.0,190000.0,ICE
Lamborghini,Urus,2021,4.0,641.0,627.0,3.5,218000.0,ICE
Ferrari,Portofino M,2021,3.9,612.0,561.0,3.4,235000.0,ICE
Audi,TT RS,2022,2.5,394.0,354.0,3.6,67600.0,ICE
McLaren,Artura,2022,3.0,671.0,531.0,3.0,225000.0,ICE
BMW,M2 CS,2022,3.0,444.0,406.0,3.8,84595.0,ICE
Mercedes-Benz,SLS AMG Black Series,2021,6.2,622.0,468.0,3.5,335000.0,ICE
Chevrolet,Camaro SS,2021,6.2,455.0,455.0,4.0,42000.0,ICE
Porsche,718 Boxster,2022,2.0,300.0,280.0,4.9,63000.0,ICE
Lamborghini,Aventador SVJ,2020,6.5,759.0,531.0,2.8,573966.0,ICE
Ferrari,SF90 Stradale,2022,4.0,986.0,590.0,2.5,625000.0,ICE
Audi,TT RS Coupe,2022,2.5,394.0,354.0,3.5,68000.0,ICE
McLaren,GT,2020,4.0,612.0,465.0,3.1,210000.0,ICE
BMW,Z4 Roadster,2022,2.0,255.0,295.0,5.2,50000.0,ICE
Mercedes-Benz,SLS AMG,2015,6.2,622.0,468.0,3.6,200000.0,ICE
Chevrolet,Camaro SS Convertible,2022,6.2,455.0,455.0,4.0,49000.0,ICE
Ford,GT,2021,3.5,660.0,550.0,2.9,500000.0,ICE
Nissan,370Z Coupe,2020,3.7,332.0,270.0,5.0,30090.0,ICE
Aston Martin,Vantage,2021,4.0,503.0,505.0,3.6,142086.0,ICE
Bentley,Continental GT,2022,6.0,626.0,664.0,3.3,225000.0,ICE
Bugatti,Chiron,2021,8.0,1479.0,1180.0,2.4,3000000.0,ICE
Dodge,Challenger SRT Hellcat,2022,6.2,717.0,656.0,3.5,68000.0,ICE
Jaguar,F-Type,2022,2.0,296.0,295.0,5.4,63700.0,ICE
Lotus,Evora GT,2021,3.5,416.0,317.0,3.8,100000.0,ICE
Maserati,GranTurismo,2022,4.7,454.0,384.0,4.7,150980.0,ICE
Aston Martin,DBS Superleggera,2021,5.2,715.0,664.0,3.2,304995.0,ICE
Lotus,Evora GT,2021,3.5,416.0,317.0,3.8,98395.0,ICE
Porsche,Panamera Turbo S E-Hybrid,2021,4.0,689.0,642.0,3.0,190000.0,ICE
Lamborghini,Aventador SVJ,2021,6.5,759.0,531.0,2.8,517000.0,ICE
Ferrari,SF90 Stradale,2021,4.0,986.0,590.0,2.5,625000.0,ICE
Audi,RS7,2022,4.0,591.0,590.0,3.5,117000.0,ICE
Mercedes-Benz,S63 AMG,2021,4.0,603.0,664.0,3.4,168000.0,ICE
Chevrolet,Camaro ZL1,2021,6.2,650.0,650.0,3.5,64500.0,ICE
Ford,GT,2021,3.5,660.0,550.0,2.8,500000.0,ICE
Nissan,370Z Nismo,2021,3.7,350.0,276.0,4.7,46000.0,ICE
Porsche,718 Cayman GT4,2022,4.0,414.0,309.0,4.2,102000.0,ICE
Mercedes-AMG,C63 S Coupe,2021,4.0,503.0,516.0,3.7,77500.0,ICE
Aston Martin,Vantage,2021,4.0,503.0,505.0,3.5,147000.0,ICE
McLaren,570S,2021,3.8,562.0,443.0,3.1,193000.0,ICE
BMW,M5,2022,4.4,600.0,553.0,3.2,103500.0,ICE
Dodge,Challenger SRT Hellcat,2021,6.2,717.0,656.0,3.5,64000.0,ICE
Lexus,LC 500,2021,5.0,471.0,398.0,4.4,92950.0,ICE
Mercedes-AMG,GT 63 S,2021,4.0,630.0,664.0,3.1,162000.0,ICE
Audi,TT RS,2021,2.5,394.0,354.0,3.6,67600.0,ICE
Acura,NSX,2021,3.5,573.0,476.0,2.9,157500.0,ICE
Porsche,Cayman GT4,2021,4.0,414.0,309.0,4.2,102000.0,ICE
Lamborghini,Aventador S,2021,6.5,730.0,509.0,2.9,417826.0,ICE
Ferrari,SF90 Stradale,2021,4.0,986.0,590.0,2.5,625000.0,ICE
Audi,RS 5,2022,2.9,444.0,443.0,3.5,76700.0,ICE
McLaren,570S Spider,2020,3.8,562.0,443.0,3.1,208800.0,ICE
BMW,M2 Competition,2022,3.0,405.0,406.0,4.2,58900.0,ICE
Mercedes-Benz,C 63 AMG,2022,4.0,469.0,479.0,3.9,69000.0,ICE
Chevrolet,Camaro SS,2021,6.2,455.0,455.0,4.0,42000.0,ICE
Ford,Mustang GT,2022,5.0,460.0,420.0,4.5,43000.0,ICE
Dodge,Challenger R/T,2021,5.7,372.0,400.0,5.1,35000.0,ICE
Aston Martin,Vantage,2021,4.0,503.0,505.0,3.6,151000.0,ICE
Lotus,Evora GT,2021,3.5,416.0,317.0,3.8,105000.0,ICE
Alfa Romeo,4C Spider,2020,1.7,237.0,258.0,4.1,69000.0,ICE
Jaguar,F-Type,2022,2.0,296.0,295.0,5.4,62500.0,ICE
Tesla,Roadster,2022,0.0,1000.0,7376.0,1.9,200000.0,Electric
Koenigsegg,Jesko,2022,5.0,1600.0,1106.0,2.5,3000000.0,ICE
Bugatti,Chiron Super Sport 300+,2021,8.0,1578.0,1180.0,2.4,5200000.0,ICE
Rimac,Nevera,2021,0.0,1914.0,1696.0,1.85,2400000.0,Electric
Porsche,Cayman GT4,2022,4.0,414.0,309.0,4.2,102100.0,ICE
Chevrolet,Camaro ZL1,2022,6.2,650.0,650.0,3.5,63000.0,ICE
Aston Martin,Vantage,2021,4.0,503.0,505.0,3.5,142086.0,ICE
Alfa Romeo,Giulia Quadrifoglio,2022,2.9,505.0,443.0,3.8,83250.0,ICE
Dodge,Challenger SRT Hellcat,2021,6.2,717.0,656.0,3.5,65000.0,ICE
Lexus,LC 500,2022,5.0,471.0,398.0,4.4,93050.0,ICE
Audi,RS 7 Sportback,2021,4.0,591.0,590.0,3.5,114000.0,ICE
BMW,M4 Competition,2022,3.0,503.0,479.0,3.8,74700.0,ICE
Mercedes-Benz,C63 S AMG,2022,4.0,503.0,516.0,3.9,77600.0,ICE
Ford,GT,2022,3.5,660.0,550.0,2.9,500000.0,ICE
McLaren,GT,2021,4.0,620.0,465.0,3.1,210000.0,ICE
Porsche,Panamera Turbo S,2022,4.0,630.0,604.0,2.9,181100.0,ICE
Lamborghini,Aventador S,2021,6.5,730.0,507.0,2.9,417826.0,ICE
Aston Martin,DBS Superleggera,2022,5.2,715.0,664.0,3.2,329100.0,ICE
Audi,TT RS,2022,2.5,394.0,354.0,3.6,67600.0,ICE
Mercedes-Benz,AMG C43 Coupe,2021,3.0,385.0,384.0,4.5,59900.0,ICE
BMW,i8,2022,1.5,369.0,184.0,4.2,147500.0,ICE
Chevrolet,Corvette Stingray,2021,6.2,490.0,465.0,2.9,59900.0,ICE
Porsche,Taycan,2022,0.0,469.0,263.0,3.8,81250.0,Electric
Lamborghini,Aventador,2021,6.5,730.0,509.0,2.9,517000.0,ICE
Ferrari,Roma,2021,3.9,611.0,560.0,3.3,222620.0,ICE
Audi,RS7,2022,4.0,591.0,590.0,3.5,115000.0,ICE
McLaren,GT,2021,4.0,612.0,465.0,3.1,210000.0,ICE
BMW,M2,2022,3.0,405.0,406.0,4.2,58900.0,ICE
Mercedes-Benz,C63 AMG,2021,4.0,469.0,479.0,3.9,77000.0,ICE
Chevrolet,Camaro SS,2021,6.2,455.0,455.0,4.1,43995.0,ICE
Ford,Mustang Mach 1,2021,5.0,480.0,420.0,4.1,51720.0,ICE
Nissan,370Z Nismo,2021,3.7,350.0,276.0,4.8,46610.0,ICE
Porsche,Panamera,2022,2.9,325.0,331.0,5.3,88550.0,ICE
Lamborghini,Urus,2021,4.0,641.0,627.0,3.6,218009.0,ICE
Ferrari,SF90 Stradale,2021,4.0,986.0,590.0,2.5,625000.0,Hybrid
Audi,RS6,2022,4.0,591.0,590.0,3.5,120000.0,ICE
McLaren,570S,2021,3.8,562.0,443.0,3.1,192500.0,ICE
BMW,M4,2022,3.0,503.0,479.0,3.8,74000.0,ICE
Mercedes-Benz,AMG A45,2021,2.0,382.0,354.0,4.0,50000.0,ICE
Chevrolet,Camaro ZL1,2021,6.2,650.0,650.0,3.5,63995.0,ICE
Acura,NSX,2021,3.5,573.0,476.0,2.7,157500.0,ICE
Aston Martin,Vantage,2021,4.0,503.0,505.0,3.5,142086.0,ICE
Bentley,Continental GT,2021,4.0,542.0,568.0,3.3,202500.0,ICE
Bugatti,Chiron,2022,8.0,1479.0,1180.0,2.4,2900000.0,ICE
Ferrari,F8 Tributo,2022,3.9,710.0,568.0,2.8,275000.0,ICE
Lamborghini,Aventador,2021,6.5,730.0,509.0,2.9,517000.0,ICE
McLaren,GT,2021,4.0,612.0,465.0,3.1,201500.0,ICE
Mercedes-Benz,AMG GT R,2021,4.0,577.0,516.0,3.5,183000.0,ICE
Porsche,Taycan Turbo S,2021,0.0,750.0,774.0,2.6,185000.0,Electric
Audi,RS7,2021,4.0,591.0,590.0,3.5,114000.0,ICE
BMW,M4,2021,3.0,473.0,406.0,4.1,71800.0,ICE
Chevrolet,Camaro ZL1,2021,6.2,650.0,650.0,3.5,63000.0,ICE
Dodge,Challenger SRT Hellcat Redeye,2022,6.2,797.0,707.0,3.5,80190.0,ICE
Ford,GT,2022,3.5,660.0,550.0,2.8,500000.0,ICE
Jaguar,F-Type,2021,3.0,380.0,339.0,4.4,62750.0,ICE
Lexus,LC 500,2021,5.0,471.0,398.0,4.4,92000.0,ICE
Lotus,Evija,2021,0.0,2000.0,1254.0,2.8,2800000.0,Electric
Maserati,GranTurismo,2021,0.0,550.0,0.0,2.8,200000.0,Electric
Nissan,370Z,2021,3.7,332.0,270.0,5.0,30090.0,ICE
Rolls-Royce,Ghost,2021,6.8,563.0,627.0,4.6,332500.0,ICE
Porsche,Taycan,2021,2.0,402.0,254.0,5.1,81250.0,ICE
Aston Martin,DB11,2021,4.0,630.0,516.0,3.7,198995.0,ICE
Lotus,Evora GT,2021,3.5,416.0,317.0,3.8,105000.0,ICE
Acura,NSX,2022,3.5,573.0,476.0,2.7,157500.0,ICE
Tesla,Roadster,2022,0.0,10000.0,7376.0,1.9,200000.0,Electric
Chevrolet,Camaro,2022,6.2,455.0,455.0,4.0,25000.0,ICE
Dodge,Charger,2021,6.2,797.0,707.0,3.3,72000.0,ICE
Jaguar,F-Type,2021,3.0,380.0,339.0,4.9,62750.0,ICE
Lexus,LC 500,2021,5.0,471.0,398.0,4.4,93000.0,ICE
BMW,M4,2022,3.0,473.0,406.0,4.1,71800.0,ICE
Ford,GT,2021,3.5,660.0,550.0,2.9,500000.0,ICE
Maserati,GranTurismo,2021,4.7,454.0,384.0,4.7,150980.0,ICE
McLaren,600LT,2021,3.8,592.0,457.0,2.8,256500.0,ICE
Mercedes-Benz,SLS AMG,2021,6.2,622.0,468.0,3.6,254995.0,ICE
Nissan,370Z,2021,3.7,332.0,270.0,5.2,30000.0,ICE
Audi,RS 7,2021,4.0,591.0,590.0,3.4,114000.0,ICE
Bentley,Continental GT,2021,4.0,542.0,568.0,3.9,220000.0,ICE
Bugatti,Chiron,2021,8.0,1500.0,1180.0,2.4,3000000.0,ICE
Porsche,Cayman,2022,2.0,300.0,280.0,4.5,59900.0,ICE
Aston Martin,Vantage,2021,4.0,503.0,505.0,3.5,147000.0,ICE
Alfa Romeo,4C Spider,2020,1.7,237.0,258.0,4.1,67150.0,ICE
Audi,RS 5,2022,2.9,444.0,443.0,3.5,75100.0,ICE
BMW,M2,2022,3.0,405.0,406.0,4.0,58900.0,ICE
Dodge,Challenger SRT Hellcat,2021,6.2,717.0,656.0,3.5,60695.0,ICE
Ferrari,F8 Spider,2022,3.9,710.0,568.0,2.9,274390.0,ICE
Jaguar,F-Type,2021,3.0,296.0,295.0,5.4,64700.0,ICE
Lamborghini,Aventador,2021,6.5,759.0,531.0,2.9,517770.0,ICE
Lexus,LC 500,2022,5.0,471.0,398.0,4.4,92950.0,ICE
Lotus,Evora GT,2021,3.5,416.0,317.0,3.8,99990.0,ICE
Maserati,GranTurismo,2021,4.7,454.0,384.0,4.7,150800.0,ICE
McLaren,GT,2021,4.0,612.0,465.0,3.1,210000.0,ICE
Mercedes-Benz,AMG C 63,2021,4.0,469.0,479.0,3.8,67600.0,ICE
Nissan,370Z Nismo,2021,3.7,350.0,276.0,4.5,45790.0,ICE
Porsche,Panamera,2022,2.9,325.0,331.0,5.3,88800.0,ICE
Subaru,WRX STI,2021,2.5,310.0,290.0,5.2,38170.0,ICE
Tesla,Roadster,2022,0.0,10000.0,7376.0,1.9,200000.0,Electric
Porsche,718 Cayman,2022,2.0,300.0,280.0,4.9,61500.0,ICE
Lamborghini,Aventador,2021,6.5,729.0,509.0,2.9,393695.0,ICE
Ferrari,SF90 Stradale,2022,4.0,986.0,590.0,2.5,625000.0,ICE
Audi,RS5 Coupe,2022,2.9,444.0,443.0,3.5,76350.0,ICE
McLaren,570S,2021,3.8,562.0,443.0,3.1,202000.0,ICE
BMW,M2,2022,3.0,405.0,406.0,4.0,58900.0,ICE
Mercedes-Benz,SL,2022,3.0,429.0,384.0,4.4,96000.0,ICE
Chevrolet,Camaro,2021,6.2,455.0,455.0,4.0,25000.0,ICE
Ford,GT,2022,3.5,660.0,550.0,2.8,500000.0,ICE
Nissan,370Z,2021,3.7,332.0,270.0,5.3,33000.0,ICE
Alfa Romeo,Giulia Quadrifoglio,2021,2.9,505.0,443.0,3.8,75250.0,ICE
Aston Martin,DB11,2022,4.0,630.0,516.0,3.7,201495.0,ICE
Bentley,Continental GT,2021,6.0,626.0,664.0,3.3,201000.0,ICE
Dodge,Challenger,2021,6.4,485.0,475.0,3.8,62000.0,ICE
Jaguar,F-Type R,2022,5.0,575.0,516.0,3.5,103200.0,ICE
Lexus,LC 500,2022,5.0,471.0,398.0,4.4,92950.0,ICE
Lotus,Evora GT,2021,3.5,416.0,317.0,3.8,99000.0,ICE
Maserati,GranTurismo,2021,4.7,454.0,384.0,4.7,150000.0,ICE
Porsche,Cayman GT4,2021,4.0,414.0,309.0,4.2,102500.0,ICE
Aston Martin,Vantage,2022,4.0,503.0,505.0,3.5,149995.0,ICE
Dodge,Charger SRT Hellcat,2022,6.2,717.0,650.0,3.5,78595.0,ICE
Audi,RS 7,2021,4.0,591.0,590.0,3.5,114000.0,ICE
Chevrolet,Camaro SS,2022,6.2,455.0,455.0,4.1,37500.0,ICE
Ford,Mustang GT,2022,5.0,460.0,420.0,4.0,38500.0,ICE
Jaguar,F-Type R,2022,5.0,575.0,516.0,3.5,103200.0,ICE
Lexus,LC 500,2022,5.0,471.0,398.0,4.4,92950.0,ICE
McLaren,570S,2021,3.8,562.0,443.0,3.1,208800.0,ICE
Mercedes-Benz,AMG C63,2022,4.0,469.0,479.0,3.8,71450.0,ICE
Nissan,370Z Nismo,2021,3.7,350.0,276.0,4.9,47820.0,ICE
Porsche,Panamera GTS,2021,4.0,473.0,457.0,3.9,134150.0,ICE
Audi,TT RS,2022,2.5,394.0,354.0,3.6,67600.0,ICE
BMW,M4,2021,3.0,473.0,406.0,3.8,71800.0,ICE
Ferrari,F8 Tributo,2021,3.9,710.0,568.0,2.8,274280.0,ICE
Lamborghini,Aventador,2021,6.5,770.0,531.0,2.9,393695.0,ICE
McLaren,GT,2021,4.0,612.0,465.0,3.1,250000.0,ICE
Mercedes-Benz,AMG GT 4-Door Coupe,2021,4.0,630.0,664.0,3.1,171200.0,ICE
Aston Martin,DBS Superleggera,2022,5.2,715.0,663.0,3.4,321000.0,ICE
Lotus,Evora GT,2021,3.5,416.0,317.0,3.8,100500.0,ICE
Porsche,Taycan Turbo S,2021,0.0,750.0,774.0,2.6,185000.0,Electric
McLaren,570S,2021,3.8,562.0,443.0,3.1,195000.0,ICE
Lamborghini,Aventador SVJ,2021,6.5,759.0,531.0,2.8,517770.0,ICE
Ford,GT,2021,3.5,660.0,550.0,3.0,500000.0,ICE
Audi,RS7 Sportback,2022,4.0,591.0,590.0,3.5,114000.0,ICE
BMW,M4,2022,3.0,473.0,406.0,4.1,72800.0,ICE
Mercedes-AMG,C63 S,2022,4.0,503.0,516.0,3.7,78100.0,ICE
Chevrolet,Camaro ZL1,2021,6.2,650.0,650.0,3.5,63000.0,ICE
Dodge,Charger Hellcat,2021,6.2,717.0,650.0,3.6,70000.0,ICE
Alfa Romeo,Giulia Quadrifoglio,2021,2.9,505.0,443.0,3.8,78450.0,ICE
Tesla,Model S Plaid,2022,0.0,1020.0,1050.0,1.9,141190.0,Electric
Ferrari,SF90 Stradale,2021,4.0,986.0,590.0,2.5,625000.0,ICE
Porsche,Panamera Turbo S E-Hybrid,2021,4.0,689.0,642.0,3.0,190000.0,Hybrid
McLaren,Artura,2022,3.0,671.0,531.0,3.0,225000.0,ICE
Lamborghini,Urus,2021,4.0,641.0,627.0,3.6,222000.0,ICE
Ford,Mustang Mach 1,2021,5.0,480.0,420.0,4.0,52915.0,ICE
Porsche,911,2022,3.0,379.0,331.0,4.0,101200.0,ICE
Lamborghini,Huracan,2021,5.2,630.0,443.0,2.8,274390.0,ICE
Ferrari,488 GTB,2022,3.9,661.0,561.0,3.0,333750.0,ICE
Audi,R8,2022,5.2,562.0,406.0,3.2,142700.0,ICE
McLaren,720S,2021,4.0,710.0,568.0,2.7,298000.0,ICE
BMW,M8,2022,4.4,617.0,553.0,3.1,130000.0,ICE
Mercedes-Benz,AMG GT,2021,4.0,523.0,494.0,3.8,118500.0,ICE
Chevrolet,Corvette,2021,6.2,490.0,465.0,2.8,59900.0,ICE
Ford,Mustang Shelby GT500,2022,5.2,760.0,625.0,3.5,81000.0,ICE
Nissan,GT-R Nismo,2021,3.8,600.0,481.0,2.5,212000.0,ICE
Dodge,Challenger SRT Hellcat,2021,6.2,717.0,656.0,3.5,64195.0,ICE
Aston Martin,Vantage,2021,4.0,503.0,505.0,3.6,147000.0,ICE
Bugatti,Chiron,2022,8.0,1500.0,1180.0,2.5,3900000.0,ICE
Koenigsegg,Jesko,2022,5.0,1280.0,1015.0,2.5,3000000.0,ICE
Pagani,Huayra,2021,6.0,764.0,740.0,2.8,2600000.0,ICE
Rimac,Nevera,2022,0.0,1914.0,1696.0,1.85,2400000.0,Electric
Lotus,Evija,2022,0.0,1973.0,1254.0,2.5,2000000.0,Electric
Pininfarina,Battista,2021,0.0,1872.0,1696.0,1.9,2500000.0,Electric
Maserati,MC20,2021,3.0,621.0,538.0,2.9,210000.0,ICE
Porsche,Cayman,2021,2.0,300.0,280.0,5.1,59900.0,ICE
Lamborghini,Aventador,2021,6.5,730.0,509.0,2.9,393695.0,ICE
Ferrari,SF90 Stradale,2021,4.0,986.0,590.0,2.5,625000.0,ICE
Audi,RS 5,2021,2.9,444.0,443.0,3.5,75100.0,ICE
McLaren,GT,2022,4.0,612.0,465.0,3.1,210000.0,ICE
BMW,M2,2021,3.0,405.0,406.0,4.0,58900.0,ICE
Mercedes-Benz,SLS AMG,2021,6.3,622.0,468.0,3.6,254500.0,ICE
Chevrolet,Camaro,2021,6.2,455.0,455.0,4.0,25000.0,ICE
Ford,Mustang,2021,2.3,310.0,350.0,5.3,27205.0,ICE
Nissan,370Z,2021,3.7,332.0,270.0,5.1,30090.0,ICE
Aston Martin,Vantage,2021,4.0,503.0,505.0,3.6,146000.0,ICE
Bugatti,Chiron,2021,8.0,1479.0,1180.0,2.4,3000000.0,ICE
Koenigsegg,Jesko,2022,5.0,1280.0,1106.0,2.5,3000000.0,ICE
Lotus,Evija,2021,0.0,1972.0,1254.0,2.0,2000000.0,Electric
McLaren,Senna,2021,4.0,789.0,590.0,2.7,1000000.0,ICE
Pagani,Huayra,2021,6.0,764.0,738.0,3.0,2600000.0,ICE
Rimac,Nevera,2021,0.0,1888.0,1696.0,1.85,2400000.0,Electric
